idx,text,question,sentiment,sentiment_confidence,summary,qa_answer
0,Nvidia reported a 40% revenue increase driven by strong demand for AI GPUs across cloud providers.,Why did Nvidia's revenue increase?,Positive,1.0,Revenue rose 40% on strong demand for AI GPUs. Nvidia says it will continue to invest in research and development. Revenue rose 40% year-on-year on strong demand from cloud and retail sales to big data center and HPC markets. sales growth in Q4 on strong demand for artificial intelligence.,strong demand for AI GPUs across cloud providers
1,Apple is facing significant supply chain disruptions affecting iPhone 15 production volume in China.,What problem is Apple facing?,Negative,1.0,"iPhone 15 production halted in China due to supply disruption. Apple is working to resolve the issue and expects iPhone production to resume in next few weeks.s.i.e., this is not a long-term problem, says Apple’s senior vice president, supply chain manager.s.s. Apple’s supply of iPhone 15 is at risk",significant supply chain disruptions affecting iPhone 15 production volume in China
2,JP Morgan increased loan loss reserves amid rising economic uncertainty and market volatility.,Why did JP Morgan increase reserves?,Positive,0.9665,Bank says loan loss reserves rose to 30.5 million dollars in 3Q. CEO says bank is well placed to deal with economic uncertainty.. Bank says it will continue to assess the impact of Brexit on the economy. Bank says it is too early to say it will continue to assess the impact of the crisis.,[iii]
3,Tesla achieved record quarterly production but warned that shrinking EV margins may impact profitability.,Why are Tesla's margins under pressure?,Negative,1.0,"Elon Musk says margins may shrink as battery costs rise. Tesla says it is on track to meet full-year production targets. 888-738-5526: What you need to know about the electric car market in the U.S., and its impact on the world.",shrinking EV margins
4,Google parent Alphabet exceeded analyst expectations due to strong advertising growth and cloud revenue.,Why did Alphabet beat expectations?,Positive,1.0,"Google says advertising revenue rose 10% in 3Q. Cloud revenue rose 30% in 3Q, outpacing growth in other divisions... Here’s a round-up of some of the best shots from around the world of the tech world this year....curblesscurblesscurblesscurbless congratulations to Google’s CEO on his first full year in officecurbless congratulations to Alphabet’s CEO",strong advertising growth and cloud revenue
5,Amazon AWS revenue slowed as enterprise clients cut cloud spending in anticipation of recession.,Why is AWS growth slowing?,Negative,1.0,"Revenue in the third quarter fell 5% from a year earlier. Enterprise clients cut spending on cloud amid recession. Revenues in the second quarter fell short of Wall Street’s expectations, in line with some analysts’ projections. AWS revenue fell short of 5% on a year on a year ago",[iii]
6,Meta Platforms reported strong Q2 earnings driven by improved ad monetization and user engagement.,Why did Meta have strong earnings?,Positive,1.0,"Meta Platforms reports strong Q2 earnings, driven by improved ad revenue. The company says it is on track to hit full-year revenue targets.. Stricter data collection and analytics measures are starting to pay off. Stricter data collection and analytics measures are starting to pay off for ad sales",improved ad monetization and user engagement
7,Microsoft’s Azure division experienced rapid growth fueled by generative AI workloads.,Why is Azure growing rapidly?,Positive,1.0,Machine learning and artificial intelligence (AI) workloads are driving growth. Microsoft’s cloud division is now the world’s top 10 largest... 888-738-5526 888-738-5526 888-738-5526 888-738-5526 888-738-5526 888-738-5526 888-738-5526 888-738-5526 888-738-5526 888-738-5526 888-738-5526 888-738-5526 800-273-3217 800-273-3217 800-273-3217 800-273-3217 800-273-3217 800-273-3217 800-273-3217 800-273-3217 800-273-3217 800-273-3217 800-273-3217 800-273-3217 800-273-3217 800-273-3217 800-273-3217 800-273-3217 800-273-3217 800-273-3217 800-273-3217 800-273-3217 800-273-3217 800-273-3217 800-273-3217 800-273-3217 800-273-3217 800-273-3217 800-273-3217 800-273-3217 800-273-3217 800-273-3217 800-273-3217 800-273-3217 800-273-3217 800-273-3217 800-273-3217 800-273-3217 800-273-3217 800-273-3217 800-273-3217 800-273-3217 800-273-3217 800-273-3217 800-273-3217 800-273-3217 800-273-3217 800-273-3217 800-273-3217 800-273-3217 800-273-3217 800-273-3217 800-273-3217 800-273-3217 800-273-3217 800-273-3217 800-273-3217 800-273-3217 800-273-3217 800-273-3217 800-273-3217 800-273-3217 800-273-3217 800-273-3217 800-273-3217 800-273-3217 800-273-3217 800-273-3217 800-273-3217 800-273-3217 800-273-3217 800-273-3217 800-273-3217 800-273-3217 800-273-3217 800-273-3217 800-273-3217 800-273-3217 800-273-3217 800-273-3217 800-273-3217 800-273-3217 800-273-3217 800-273-3217 800-273-3217 800-273-3217 800-273-3217 800-273-3217 800-273-3217 800-273-3217 800-273-3217 800-273-3217 800-273-3217 800-273-3217 800-273-3217 800-273-3217 800-273-3217 800-273-3217 800-273-3217 800-273-3217 800-273-3217 800-273-3217 800-273-3217 800-273-3217 800-273-3217 800-273-3217 800-273-3217 800-273-3217 800-273-3217 800-273-3217 800-273-3217 800-273-3217 800-273-3217 800-273-3217 800-273-3217 800-273-3217 800-273-3217 800-273-3217 800-273-3217 800-273-3217 800-273-3217 800-273-3217 800-273-3217 800-273-3217 800-273-3217 800-273-3217 800-273-3217 800-273-3217 800-273-3217 800-273-3217 800-273-3217 800-273-3217 800-273-3217 800-273-3217 800-273-3217 800-273-3217 800-273-3217 800-273-3217 800-273-3217 800-273-3217 800-273-3217 800-273-3217 800-273-3217 800-273-3217 800-273-3217 800-273-3217 800-273-3217 800-273-3217 800-273-3217 800-273-3217 800-273-3217 800-273-3217 800-273-3217 800-273-3217 800-273-3217 800-273-3217 800-273-3217 800-273-3217,generative AI workloads
8,Intel warned that PC chip demand remains weak as global PC shipments continue to decline.,Why is Intel concerned?,Negative,1.0,Intel sees weak demand for PCs in the second half of the year. The world's largest chipmaker says it will continue to focus on cost-cutting measures. 888-738-5526 888-738-5526 888-738-5526 888-738-5526 888-738-5526 888-738-5526 888-738-5526 888-738-5526 888-738-5526 888-738-5526 800-273-3217 800-273-3217 800-273-3217 800-273-3217 800-273-3217 800-273-3217 800-273-3217 800-273-3217 800-273-3217 800-273-3217 800-273-3217 800-273-3217 800-273-3217 800-273-3217 800-273-3217 800-273-3217 800-273-3217 800-273-3217 800-273-3217 800-273-3217 800-273-3217 800-273-3217 800-273-3217 800-273-3217 800-273-3217 800-273-3217 800-273-3217 800-273-3217 800-273-3217 800-273-3217 800-273-3217 800-273-3217 800-273-3217 800-273-3217 800-273-3217 800-273-3217 800-273-3217 800-273-3217 800-273-3217 800-273-3217 800-273-3217 800-273-3217 800-273-3217 800-273-3217 800-273-3217 800-273-3217 800-273-3217 800-273-3217 800-273-3217 800-273-3217 800-273-3217 800-273-3217 800-273-3217 800-273-3217 800-273-3217 800-273-3217 800-273-3217 800-273-3217 800-273-3217 800-273-3217 800-273-3217 800-273-3217 800-273-3217 800-273-3217 800-273-3217 800-273-3217 800-273-3217 800-273-3217 800-273-3217 800-273-3217 800-273-3217 800-273-3217 800-273-3217 800-273-3217 800-273-3217 800-273-3217 800-273-3217 800-273-3217 800-273-3217 800-273-3217 800-273-3217 800-273-3217 800-273-3217 800-273-3217 800-273-3217 800-273-3217 800-273-3217 800-273-3217 800-273-3217 800-273-3217 800-273-3217 800-273-3217 800-273-3217 800-273-3217 800-273-3217 800-273-3217 800-273-3217 800-273-3217 800-273-3217 800-273-3217 800-273-3217 800-273-3217 800-273-3217 800-273-3217 800-273-3217 800-273-3217 800-273-3217 800-273-3217 800-273-3217 800-273-3217 800-273-3217 800-273-3217 800-273-3217 800-273-3217 800-273-3217 800-273-3217 800-273-3217 800-273-3217 800-273-3217 800-273-3217 800-273-3217 800-273-3217 800-273-3217 800-273-3217 800-273-3217 800-273-3217 800-273-3217 800-273-3217 800-273-3217 800-273-3217 800-273-3217 800-273-3217 800-273-3217 800-273-3217 800-273-3217 800-273-3217 800-273-3217 800-273-3217 800-273-3217 800-273-3217 800-273-3217 800-273-3217 800-273-3217 800-273-3217 800-273-3217 800-273-3217 800-273-3217 800-273-3217 800-273-3217 800-273-3217 800-273-3217 800-273-3217 800-273-3217 800-273-3217 800-273-3217,(iii).
9,Netflix added 9 million new subscribers as its crackdown on password sharing proved effective.,Why did Netflix gain subscribers?,Neutral,0.9883,Netflix says it will no longer share user data with third parties. The streaming giant says it will stop sharing more than one account at a time. The numbers are a huge boost for a company that has been under fire for yearsTrademarkiaTrademarkiaTrademarkiaTrademarkiaTrademarkiaTrademarkiaTrademarkiaTrademarkiaTrademarkiaTrademarkiaTrademarkiaTrademarkiaTrademarkiaTrademarkiaTrademarkiaTrademarkiaTrademarkiaTrademarkiaTrademarkiaTrademarkiaTrademarkiaTrademarkiaTrademarkiaTrademarkiaTrademarkiaTrademarkiaTrademarkiaTrademarkiaTrademarkiaTrademarkiaTrademarkiaTrademarkiaTrademarkiaTrademarkiaTrademarkiaTrademarkiaTrademarkiaTrademarkiaTrademarkiaTrademarkiaTrademarkiaTrademarkiaTrademarkiaTrademarkiaTrademarkiaTrademarkiaTrademarkiaTrademarkiaTrademarkiaTrademarkiaTrademarkiaTrademarkiaTrademarkiaTrademarkiaTrademarkiaTrademarkiaTrademarkiaTrademarkiaTrademarkiaTrademarkiaTrademarkiaTrademarkiaTrademarkiaTrademarkiaTrademarkiaTrademarkiaTrademarkiaTrademarkiaTrademarkiaTrademarkiaTrademarkiaTrademarkiaTrademarkiaTrademarkiaTrademarkiaTrademarkiaTrademarkiaTrademarkiaTrademarkiaTrademarkiaTrademarkiaTrademarkiaTrademarkiaTrademarkiaTrademarkiaTrademarkiaTrademarkiaTrademarkiaTrademarkiaTrademarkiaTrademarkiaTrademarkiaTrademarkiaTrademarkiaTrademarkiaTrademarkiaTrademarkiaTrademarkiaTrademarkiaTrademarkiaTrademarkiaTrademarkiaTrademarkiaTrademarkiaTrademarkiaTrademarkiaTrademarkiaTrademarkiaTrademarkiaTrademarkiaTrademarkiaTrademarkiaTrademarkiaTrademarkiaTrademarkiaTrademarkiaTrademarkiaTrademarkiaTrademarkiaTrademarkiaTrademarkiaTrademarkiaTrademarkiaTrademarkiaTrademarkiaTrademarkiaTrademarkiaTrademarkiaTrademarkiaTrademarkiaTrademarkiaTrademarkiaTrademarkiaTrademarkiaTrademarkiaTrademarkiaTrademarkiaTrademarkiaTrademarkiaTrademarkiaTrademarkiaTrademarkiaTrademarkia,its crackdown on password sharing proved effective
